{
    "button1": [
        "q",
        "0",
        "0"
    ],
    "button2": [
        "w",
        "10",
        "0"
    ],
    "button3": [
        "e",
        "20",
        "0"
    ],
    "button4": [
        "r",
        "30",
        "0"
    ],
    "button5": [
        "t",
        "40",
        "0"
    ],
    "button6": [
        "y",
        "50",
        "0"
    ],
    "button7": [
        "u",
        "60",
        "0"
    ],
    "button8": [
        "i",
        "70",
        "0"
    ],
    "button9": [
        "o",
        "80",
        "0"
    ],
    "button10": [
        "p",
        "90",
        "0"
    ],
    "button11": [
        "a",
        "4",
        "30"
    ],
    "button12": [
        "s",
        "14",
        "30"
    ],
    "button13": [
        "d",
        "24",
        "30"
    ],
    "button14": [
        "f",
        "34",
        "30"
    ],
    "button15": [
        "g",
        "44",
        "30"
    ],
    "button16": [
        "h",
        "54",
        "30"
    ],
    "button17": [
        "j",
        "64",
        "30"
    ],
    "button18": [
        "k",
        "74",
        "30"
    ],
    "button19": [
        "l",
        "84",
        "30"
    ],
    "button20": [
        "z",
        "9",
        "60"
    ],
    "button21": [
        "x",
        "19",
        "60"
    ],
    "button22": [
        "c",
        "29",
        "60"
    ],
    "button23": [
        "v",
        "39",
        "60"
    ],
    "button24": [
        "b",
        "49",
        "60"
    ],
    "button25": [
        "n",
        "59",
        "60"
    ],
    "button26": [
        "m",
        "69",
        "60"
    ]
}