{
    "pad1": [
        "0",
        "0",
        "0"
    ],
    "pad2": [
        "1",
        "10",
        "0"
    ],
    "pad3": [
        "2",
        "20",
        "0"
    ],
    "pad4": [
        "3",
        "30",
        "0"
    ],
    "pad5": [
        "4",
        "40",
        "0"
    ],
    "pad6": [
        "5",
        "50",
        "0"
    ],
    "pad7": [
        "6",
        "60",
        "0"
    ],
    "pad8": [
        "7",
        "70",
        "0"
    ],
    "pad9": [
        "8",
        "80",
        "0"
    ],
    "pad10": [
        "9",
        "90",
        "0"
    ],
    "pad11": [
        "-",
        "0",
        "30"
    ],
    "pad12": [
        "/",
        "10",
        "30"
    ],
    "pad13": [
        ":",
        "20",
        "30"
    ],
    "pad14": [
        ";",
        "30",
        "30"
    ],
    "pad15": [
        "(",
        "40",
        "30"
    ],
    "pad16": [
        ")",
        "50",
        "30"
    ],
    "pad17": [
        "$",
        "60",
        "30"
    ],
    "pad18": [
        "&",
        "70",
        "30"
    ],
    "pad19": [
        "@",
        "80",
        "30"
    ],
    "pad20": [
        "\"",
        "0",
        "60"
    ],
    "pad21": [
        ".",
        "10",
        "60"
    ],
    "pad22": [
        ",",
        "20",
        "60"
    ],
    "pad23": [
        "?",
        "30",
        "60"
    ],
    "pad24": [
        "!",
        "40",
        "60"
    ],
    "pad25": [
        "'",
        "50",
        "60"
    ],
    "pad26": [
        "#",
        "60",
        "60"
    ],
    "pad27": [
        "%",
        "70",
        "60"
    ],
    "button28": [
        "*",
        "80",
        "60"
    ],
    "button29": [
        "=",
        "90",
        "60"
    ]
}